Yan Hong, 7788557364
Dongying Lee, 7788888888
yan hong, a@m.com
yan hong, onlyhongyan@gmail.com
yan hoaaa, q@qq.com
yan hong, onlyhongyan@gmail.com
yan hong, y@g.ca
yan hong, y@g.ca
yan hong, y@g.ca
yan hong, y@gmail.ca
yan hong, y@gmail.cam
yan hong, y@gmai.ca
yan hong, y@gmail.caaaaaaaaaabbbccc
yan hong, y@gmail.caaaaaaaaaabbbccaaac
yan hong, y@gmail.caaaaaaaaaabbbccaaaadasc
yan hong, y@gmail.caaaaaaaaaabbbccaaaadaaaasc, mobile:778-855-7364
yan hong, y@gmail.com, mobile:778-855-7364
yan hong, y@gmail.asdcom, mobile:778-855-7364
yan hong, y@gmail.asddascom, mobile:778-855-7364/mobile:778-888-8888
